Street Address,City,State,Zip,Address
17303 Carmenita Rd,Cerritos,CA,90703,"17303 Carmenita Rd, Cerritos, CA, 90703"
307 Diablo Rd,Danville,CA,94526,"307 Diablo Rd, Danville, CA, 94526"
229 S Church St,Lodi,CA,95240,"229 S Church St, Lodi, CA, 95240"
2500 E Colorado Blvd,Pasadena,CA,91107,"2500 E Colorado Blvd, Pasadena, CA, 91107"
8770 Washington Blvd,Culver City,CA,90232,"8770 Washington Blvd, Culver City, CA, 90232"
11202 Donner Pass Rd,Truckee,CA,96161,"11202 Donner Pass Rd, Truckee, CA, 96161"
186 Main St,Woodland,CA,95695,"186 Main St, Woodland, CA, 95695"
1969 Diamond Blvd,Concord,CA,94520,"1969 Diamond Blvd, Concord, CA, 94520"
1234 E Main St,El Cajon,CA,92021,"1234 E Main St, El Cajon, CA, 92021"
1551 Pacific Ave,Santa Cruz,CA,95060,"1551 Pacific Ave, Santa Cruz, CA, 95060"
21 Moraga Way,Orinda,CA,94563,"21 Moraga Way, Orinda, CA, 94563"
50 W San Fernando St,San Jose,CA,95113,"50 W San Fernando St, San Jose, CA, 95113"
945 Fresno St,Newman,CA,95360,"945 Fresno St, Newman, CA, 95360"
1360 E Calaveras Blvd,Milpitas,CA,95035,"1360 E Calaveras Blvd, Milpitas, CA, 95035"
901 H St,Modesto,CA,95354,"901 H St, Modesto, CA, 95354"
13299 E Highway 88,Lockeford,CA,95237,"13299 E Highway 88, Lockeford, CA, 95237"
2395 Huntington Dr,San Marino,CA,91108,"2395 Huntington Dr, San Marino, CA, 91108"
26941 Crown Valley Pkwy,Mission Viejo,CA,92691,"26941 Crown Valley Pkwy, Mission Viejo, CA, 92691"
